music,a,b,c
a,1,6,4
b,0.1666666,1,0.33333
c,0.25,3,1
